2019,2018,2017,2016
將文字與聲音邏輯化、模組化、規則化,對於定義世界的學問的探討,"I think that the study of linguistics is about patterns and their exceptions. I took an introductory class called Language in Society last year, and that's about the extent of what I know. The material the course covered ranged from soundwaves to the effect that language has on psychology.",我認為語言學是研究人類語言的形成，發展以及構成的學術。從發音，解讀以及結構(如文法)去了解語言的根本，同時也可以連結人類腦部語言中心對語言的理解方式。
我覺得語言學很好玩因為那一些題目會讓我需要想很多，而且我學會了很多東西。,"Languages are like name cards. The more you receive, the more you'll know about foreign culture,and the higher possibility you'll get to interact with others.",語言學在我的理解中是ㄧ門在主觀的思考中試圖找出客觀邏輯的學問，也是研究人類文化變遷與特定族群思考脈絡的最佳媒介。,語言學，與我，是一門以清晰架構及科學方法剖析探究我們每天使用的語言。它涵概的範圍很廣，更是各領域學科中不可或缺的靈魂元素。
不多,"吃語感,很有趣",從前未曾深入探討，我想語言學就是一門研究語言結構語法，擴充語言存在意義的學問。,研究語言產生、形式、規則與對應意義的學科
基本,語言是定義事物的基礎，而且我認為語言文字是擁有非常強大的力量的。舉例來說，有一張椅子在屋子的角落，明明世界上不可能有完全一樣的東西，我們還是把他稱為「椅子」，這就是一種歸類，如果我們用另一種角度來看，它可以是「四根木條」和「一片木板」，但是通常別人不會這樣想，而且若人坐上去後，我們也不會重新定義那個物體而是稱為「椅子」和「人」，所以語言擁有區分事物的「力量」而語言學就是在討論我們如何去定義一件事物、為何這樣定義或還能怎麼定義等諸如此類的學問。,"邏輯推理的過程
抽絲剝繭尋找蛛絲馬跡",分析人類語言之結構，音韻，語法運用等等，並可從不同領域角度加以剖析。
語言學是一門關於人類語言學的研究,研究語言的成因，比較不同語言在文法或字義等方面的差異，運用邏輯思考認知、研究未知或不明的語言。,不同新的思考思維,研究語言原理以及保護諸多消失中的語言
從語言中尋找語言的規則,對於語言的敏感度、認知以及語言的規則,語言學是了解文化的重要關鍵。語言是建立在文化的基礎上而發展，藉由語言學的分析能進一步的更加認識一種文化。,語言是人類從古至今的歷史見證，也是現今仍不斷創新的文化產物。透過語言，了解自我、了解族群、了解世界。
是追溯全人類語言根源的一項研究,雖然不深，但對其抱有極高的熱情，希望可以藉由這次機會更加了解其內容。,喜歡、不斷接觸學習！,
"語言學對我而言就像是一個美食家
它探討的是語言的共通性及它的獨特性
用科學的方法品嚐語言之美",語言是很奇妙的東西，看似字與字之間是獨立的，但實際上和邏輯上卻環環相扣。字的組成和用法，又和各國本身的文化相連結，研究起來相當有趣。,語言代表著各個民族的文化和生活習慣...等，學習語言讓我享受與徜徉世界的暢快,語言不只是一種溝通工具，更是一種使我們得以窺探文明變遷、地方風俗的最佳證據。
研究語言的結構和發展等,我對語言學不熟 但是很有興趣 也希望可以透過這次競賽更加了解語言學,可以了解語言脈絡的學科,"2014年擔任國際資訊奧林匹亞志工時，當時從選手那裡得知此資訊。
語言是人與人之間溝通的工具，每種語言有自己的一套制度與標準。我覺得語言學在研究的便是諸多語言的制度規則。"
其實我不太了解，只是有興趣。語言學應該就是在研究語言的結構和在社會上的應用。,沒有特別深入去研究 但有觸碰過二至三國外國語言,每種語言有不同的文法，拉丁語系與日耳曼語系多半有動詞變化，而有的語言可能是聲調不同就產生了不同的意思。各種語言還涉及語意、邏輯等，而我覺得學語言最重要的是語感。,研究語言的學問，分析各種語言
透過有系統、有邏輯的方法去拆解各種不同的語言,不一定要學每一種語言，每種語言都是用語法邏輯編織而成的。,我沒有正式學過語言學，但是我覺得語言學就是在解碼，公式就像鑰匙，找出那個語言的獨特公式並且運用他開啟一道道文化大門，這是我眼中的語言學。,是一種不單就一種語言深入，但對各類語言擁有觀察和學習能力的領域。
分析語法、字義、語言習慣等，研究與比較不同語言間的異同之處。,不清楚!,,研究語言表達的型態、結構以及怎麼分辨其中的情感。
觀察與思考、推理，可能還要一點莫名其妙的信心跟直覺,單詞、結構、音韻和邏輯,對語言有深入的研究,語言學是研究語言造字的由來，與其音韻、句式、文法的學問(應該是這樣吧?)
NA,背誦加推理,需要強烈的邏輯能力,大概就是研究人們的不同溝通方式吧
有趣,完全不瞭解,世界上有各種各式各樣的語言，它們代表了各種不同民族的文化與生活型態，藉由學習語言我享受於徜徉世界的暢快。,"語言學是一門關於人類語言的科學研究。語法中包含了詞法（單詞的形成與組成），句法（決定單詞如何組成短語或句子的規則）以及語音（聲音系統與抽象聲音單元的研究）。

與學習語言不同，語言學是研究所有人類語文發展有關的一門學術科目（通常只有根據語言，非文字）。"
語言是一個民族文化的象徵，隨著時代推進會逐漸改變。,是一種科學，針對人與人之間的溝通做研究，因此可以應用在多方面，給予人更健全的發展。,需要強烈的邏輯概念,稍有接觸
"關於語言的語法、發音、句法的學問。
可以在翻譯，社會學，甚至是建構人工語言等方面有許多應用",幾乎沒什麼了解，只知道是有關於語言的結構與根本，需要具備邏輯思考的能力,觀察人類文化所發展出來的各種語言和其中的各種要素(像是聲韻、文法、文字等等)，並試圖研究歸納出裡面的規律。,語言學這個名詞對於高中生甚至大部分人來說是陌生的，除了學校沒有教授相關課程，語言學在台灣做為一個學術科目本身也只有很短的歷史。事實上語言學的目標並不是要學習這些語言，而是以科學的方式研究語言，從語料中得知這些語言怎麼運作，以及我們的腦袋是如何處理這些語言的。現代語言學最主要的研究課題是文法，包含語音，音韻，構詞，句法，語意。此外，語言學更是一門跨領域的學科，涵蓋範圍包括心理學，社會學，生物學，資訊科學，哲學和物理學等等。
我去年有入選國手選訓營，很享受解題目也很喜愛認識其他語言,研究人類語文的學問,有感情的文化,透過邏輯與理性思維去分析語言中的現象，如音韻、文法、辭義等，並試圖歸納或整理出規則。
無,解開謎題,一種靠感覺，需要一點天分的學科,試圖均衡語言中的規則。
珊瑚,每種語言都有它特別的地方和歷史,語言如何產生 以及不同語言之間共通性 學習語言方法等,我認為語言學是一個很有趣的學問，雖然沒有真正學習過語言學，但我覺得語言學不只是在探討語言，也是在瞭解語言背後文化的發展，因此讓我很感興趣
語言學是對於語言研究的一門學問，可以從多個面向研究一種語言的組成以及發展，不只將一種語言的用法推敲清楚，還推及至其他語言和其中的道理。,每種語言都有他獨特的構成方式,語言學就像邏輯一樣 透過提示將答案一步一步抽絲剝繭,"研究語言的科學 
語言的歷史及轉變等"
很酷，很像邏輯推理,研究語言的性質結構等等的學問,如大海般無際,探索語言的歷史、剖析語言的結構並了解語言如何形成及演變
曾經是奧林匹雅語言學培訓國手,有看過開放式課程也做過一些考古題,語言很廣泛，都各有互通性。除了語文能力外，邏輯思考力也很重要。,之前完全不曾接觸過是陌生的領域
可以溝通,語言學是在探討各種文化所創造出的溝通方式，它的形式、演變過程，以及它與自身文化的相關性。,語言大概就是錯綜複雜，尤其每個國家的口音差很多。但語言很有趣,語言系統龐大分支多，語言學能歸納整理出許多分類
Although I haven’t had much experience with linguistics but I’m eager to learn!,與人溝通交流，紀錄文字，文化的一部分,非常豐富多元冥冥之中卻好像又有相似之處,語言的形成 演變 之間的關係
我認為語言是人類偉大的發明之一，有了語言，我們才能成功的傳承文化。而探究語言與語言、或是語言之間的關係就是語言學的內容。,語言的養成需要環境,語言學正是因應國際趨勢而生的自我培養能力而生的自我意識，我們應當積極自取才能面對變化迅速的社會。,不是很大眾的領域
"語言包含了聲音、圖形、文字和動作,運用不同組合方式來表達出一個人的想法。世界上的各種語言大致是從幾個源頭發展而來,並透過長時間的創新與改良,演變成我們現在熟悉的狀態,至今語言依然持續的在變化,而語言學則是在研究其架構與發展。",對我而言，語文學是一種透過思考和推理來了解（冷僻）語文的一種學問。,語言是一種人類的溝通方式，他可以任何形式表達。,語言是一種思考上的邏輯概念，並且可以反映文化的特質。語言學即是上述的研究研究與學習方式。
就以我目前接觸的部分來看，我覺得語言學是一門很需要想像、觀察、邏輯與思考的細緻科學。很神奇而且有趣的挑戰過程。,一種追朔人類邏輯思維演變的科學吧,拼音相同的單字用不同語言來說唸法會差別很大,對於語言學，目前我所知僅是概括，細節我仍未全面了解。根據我的理解，語言學乃透過邏輯、觀察，分析各種語言的結構以及應用，藉由語言學的研究發展各式各樣的專業領域(例如歷史、人類學、科技、生物等)以及幫助文化間的互相交流。
語言學對我來說是一門專門研究語言的科目。其中或許包括一些一般學科上的知識，但更多的是語言自己的根本及其中的奧妙。,沒概念,語言是一種人類的溝通語言，他可以以不同形式表達。,"語言是以人類思維為基礎的科學
語言學是研究這個科學邏輯的學科"
零,我認為語言學是種以科學方法解剖組成一個語言的各部分，包含文法、語音等。語言學可以告訴我們，為什麼五歲不到的小孩可以了解並運用語言，以及他學習歷程中對語言的掌握和理解。,語言學是研究人類語言結構、邏輯及語音等等的一門學問。平日使用母語溝通時，很少會去思索其語言的結構，卻能自然地運用，若透過語言學細究，便能發現其微妙及支撐語言的龐大系統。,語言學是研究傳遞邏輯思考的工具，同時也是傳承歷史文化的利器!
透過語言學可以更了解文字的構造，應用及共通性，對平常認為理所當然的語言，有新的認知，找出他的共通性或特徵，而應用在生活上,研究人類溝通的方式,"與其說是文學，我覺得語言學跟歷史和數學統計有非常密切的關係。最近在閱讀的一本書The Language of Food裡看到一個單字的變化（menu, entrée），就可以延伸出很多非常有趣的研究，我覺得語言學是一個非常豐富的領域。","研究各國語言的起源
單字的結構
各國語言的文法邏輯
涵蓋範圍很廣，語言學不只限於語言領域，也涉及到其他科目的領域
"
語言學是一個對於語言的科學研究，研究範圍包括語音、音韻、語意、構詞、句法、語用等等方面。,研究語言背後的故事與文化背景,語言是一種人與人之間溝通的工具，如果沒有語言，人類就無法順利又詳細的交流，所以我覺得語言很重要。,語言學是語言結構的分析，語音學和音韻學比較需要邏輯，句法學和語意學則是字詞的拆解與組裝。
語言學在研究語言的文法、語義、音韻等等，用邏輯去推理、歸納、分析語言。它可以與地理結合去探討地緣和語言的關係，也可以與歷史結合去研究語言如何分支演變，還可以與科技結合發展人工智慧語言，或與生物、心理、腦神經科學結合去研究語言如何形塑人類思維等等，語言學能廣泛應用於其它學科做跨領域結合。,與學習語言不太一樣，比較像是利用已知條件去推導出未知的語言。,沒有,"我對語言學並不是很瞭解,是經過這個活動第一次接觸這個名詞,但是我知道我對語言抱持著很大的熱情和好奇心"
在習以為常處發現奧妙，以科學方式剖析語言這項人類文明。,以現有的資訊，去推斷其他人造、遠古時期或複雜的語言，進而增進對其他語言的了解。,無,"是一門研究語言的發音、語法、邏輯的學問。
是一門古老的學問，在古希臘時期就有了，經史子集中經的小學也屬於語言學。"
了解我們日常生活中使用語言的演進，探討文字系統,我認為語言學就像是數學裏頭的公式。藉由數學公式，我們可以輕鬆弄清楚數學定理的理路；而藉由語言學，我們可以清晰地剖析一個語言的邏輯，像是主詞動詞的安排順序，或是名詞的單複數變化、動詞的時態變化。,完全不懂,用各種方法瞭解語言的規律和用法
強調邏輯推理，很有趣,"不了解
在探討語言的發源和在現代的應用？",邏輯推理,
略懂但不熟,"我覺得區分有理性的人類和只有獸性的動物就是語言，沒了語言我們就跟一般的野獸一樣，沒有進步，沒有交談，只是一昧的靠本能和直覺生存。
",語言的產生與演化各地相異，不變的是各種語言都充滿了邏輯。例如中文有部首、英文有字根字首……。語言學的世界充滿了奧妙與先人智慧的結晶，讓我深深著迷。,語言是人類與生俱來的本能，從遠古時期到現代，都是不可或缺的溝通元素。然而，在時代的洪流與人類文明的進步下，古老語言漸趨喪失。語言學的研究對我而言就如一場解密，中國古老的甲骨文，甚至是羅賽塔石碑上的神秘古文，都是透過一個個文字的解析才能拼出一段完整時代的宏觀。透過語言學，我們能在現今6000多種語言中解鎖人類文明，對過去的文化有深入了解，也能應用在未來新興的語言工具與科技上。
語言學是一門觀察及分類語言的科學，其中包含了一語言的文法，發音，變化過程，及其要傳遞的意義。,"以此可瞭解各國文化
增廣見文 了解人類演進",耶,"語言是以人類為基礎的邏輯科學
語言學是研究這個邏輯規則的學問"
架構出現在人類溝通的基本架構,認為語言單純的是用來和人溝通的，一個民族的語言也可以顯現當地的特色與文化。,是經過很長的時間，不斷的改變，而成為現在我們說的語言。,古到今，尚有很多我們讀不懂的語言，研究話語字句的關聯、邏輯。
具有邏輯推理性又迷人的科學,不了解,是一種分析語言規則、將文法和詞的變化做分類的學問,語言是人與人溝通的橋樑，語言學是生活中重要的一門課。
研究關於不同語言的結構與意義,不同的語言可以反映不同的文化和時代背景，同時被影響又影響著一個民族的文化。如同文化一般有趣的是每一種語言之間也存在許多共通點，讓在神祕的語言總是有缺口讓人一探究竟。,可以用來獲得不同文化的資訊,
利用邏輯和語感架構，了解我們不認識的語言或文字。,我曾經在高一暑假參加過交大外文營，其中有上到語法學。不同語言都有他自己的文法，像是韓語跟中文，他的名詞受詞動詞等等的可能就排列不一樣。在英文的the，以德文來講就不只一個，大概就是這一些。,似懂非懂曖昧不明,觀察並分析語言中的邏輯性。
表達/溝通的媒介,用科學的方法研究、分析語言的結構，包括語音、語法以及語言的演變等等。個人最喜歡的是認知語言學，關於語言學我也想在台灣推廣人造語言的興趣活動。,分析各種字詞的基礎，進而去瞭解人類的語言。,大概就是研究不同人類的溝通方式
運用邏輯與歷史的演進去理解各種語言間的關係,有趣，可了解各地文化,將以符號排列而成的暗號找出規律並解題，類似密碼學吧⋯⋯,"1.用科學方法從不同面向研究語言，好像需要強大的邏輯推理能力
2.可由語言學的研究延伸至社會,心理等層面"
很有趣,略懂略懂,"一門研究人類語言的科學
了解語言的由來、組成、運作⋯⋯等等","能把抽象化具體
亦將具體變抽象"
語言學是研究人類語文發展的一門學科人類最早的語言研究是從解釋古代文獻開始的，是為了研究哲學、歷史和文學而研究語言的。,瞭解的不多,"自幼，我便對語文方面相當有興趣。然而，「語言學」一詞卻是到了高中才逐漸熟悉的。
語言學並不是學習一門語言，而是針對各種語言的結構、語法、聲調... ...等等的研究。
也許不用特別學習語言學，就能夠順利的使用一種語言。但，有了語言學的存在，日常交流用的話語便多了更多的趣味性，也能找到藏在其中的邏輯性與不同語言間的相異之處。","語音學、音韻學、句法學、語意學
跨越很多領域
研究語言、分析語言結構、研究語言和意義的關係
好像很有趣"
以科學的方法來研究人類各種語言的發展,語言是個很有邏輯性的東西，它可以化作一種思維，一種精神層次的最高境界，極富彈性。,是個有趣 能順便瞭解其他國家語言及文化的一個學科,研究語言的聲調押韻，文字組合，還有語言發展歷史的學問。
透過嚴謹邏輯來探討人與人之間溝通的學問。,語言的規則與分類,一門研究語言的科學,語言學其實是邏輯推理，和一些天分，須要經過訓練
是邏輯判斷,雖然從未認真接觸過，但是看到一些關於語言的研究發現我有點興趣。我覺得語言是文明的起源，是文化建立的基本，溝通的第一步就是有相通的語言。,略知一二,是一門分析語言起源或是句式的學術，可能會探究到古老文字或圖形，從中了解那個國家的文化，了解更多不同的深層意義，不僅限於研究當代的語言裡頭吧。
"抓住模式，研究文字如何表達抽象概念
",研究人們說話的規則,對語言學本身並不了解，但對邏輯推理十分有興趣,以科學方法來研究語言的學科，語言學會去思考每天所使用的語言，包括結構、如何使用語言，了解語言並說出
"瞭解喔……也不多，我只是覺得很有趣而已
然後日文到底算是日本琉球語系還是阿爾泰語系啦QQ",語言學是人類語言的科學研究,"透過認識不同的語言，分析出其中的關聯性，探討其文化的轉變，能有更多種表達情緒的言辭、方式。
培養著未來交友、找工作……等的最有效工具，不再受限。",語言除了是溝通的工具，它同時也在文化傳承中有很大的作用。語言學將各種語言詮釋並互相連通，對文化交流提供更多實質幫助。
語言學是以科學方法來研究語言，包含了語言的文法，結構，邏輯，以及情意等等。目的是藉由語言學來了解整個世界。,人類語言的源頭及變化過程,研究從語音到文字到整個句子形成以及其用法的學問,隨著一個文化的傳承而逐漸產生的
如果說語言是溝通的橋樑，那麽語言學或許是研究多種不同橋樑之間的異同，以及背後的文化發展、生活方式帶來的影響。,博大精深，囊括世界各地主流與破碎的語言類別，加以分析統整，追本溯源建立語言的源頭。,研究世界各地語言應用、音韻、發展，及保存的一門學門。,可分為語音，音韻，構詞，句法，語意，5部分
解碼,是許多門分支學問的總稱，其他分支包括語音學、語意學、語言習得、語用學等等。,藉由不同語言瞭解其文化、社會,變化多端，常會因時代潮流而有所改變。
一種排列組合、邏輯運用,很有邏輯性,研究一個語言中詞和句的關聯性和邏輯規則，推論出整個語言的文法、句型等等。,研究從古至今人類溝通的方式、符號和演變
很多元，在這麼多不同的語言中居然存在相似的規則,研究語法、語義以及語言發展史的一門學問。,用科學邏輯的方法，來分析語言。,語言學研究人類語言的發展、結構與意義，幫助我們了解語言的本質和與人類社會的關聯，也可應用於翻譯、教學方面。
"每個語言都有一定的結構，想要學會如何會話就需要去了解它。但因為語言是“活的”，所以不是每一次都能用你所知道的結構去理解它。
至於語言的字母，需要去了解它的字母是否有意義（如中文）或著只是幫助表達如何發音的媒介（如英文）。",探討語言的原理。研究與語言有關的事物，如文法、語音、文字系統、語言使用狀況、語言與詞彙的演變、人類與語言的關係與使用語言的能力等。,語言學不是在學習各種語言，而是在研究各種語言之間的關係與發展,"關於人類語言的研究,藉由數據研究找出不同語言的邏輯。"
研究各個語言的語法、拼音和其中共通處的學科,"從已知的線索（當地語言與已知語言的對應）中試著找出某種語言的架構、文法...等，而最終的目標是能透過學習而能真正使用該種語言。
（感覺只能說是我對語奧題目的了解）",研究語言,非深但不淺
我覺得語言學是一種關於人類語言的科學研究，讓人更能了解語言的發展,文法單字以及表達,有趣又富有變化性，是古今的連結、文化的瑰寶,語言學的探索很有趣，有點像智力測驗，又有點像是拼圖遊戲。
還不錯,人類之所以與其他生物不同，是有著社會性的互助與高度發展的智能，而知識的流通、彼此間的了解、文化的革新等皆與我們的溝通工具-語言有著密不可分的關係，雖然其他高等生物或有簡單的語言形成，但人類突出的點，在於可以利用文法將許多單字以不同的連接詞、修飾詞成功表達抽象與實際的事物，因此，語言學可以說是研究人類文化發生的一門學問。,對人類語言架構.性質..等相關的學術研究,看不懂的文字
明白語言的結構分成了詞法、句法及語音,我想這是一個你說文，他也可以不文，你說理，他也可以不理的東西。雖然的確是以文字語言架構出得學科，但邏輯思考更不能缺少。,一種需要瞭解音韻、結構、語調等，並運用邏輯推理與分析去解決問題的學問,不太瞭解，經由英文老師才大概知道
不太了解,可嘗試的領域,人類溝通的橋樑、知識的出口、文化的傳承,語言是有邏輯性且能夠透過藉由相關已知的句子、詞語去推估其他未知的詞語。
一門研究各種語言的來源、結構、文法、發音等等的學科,我對語言學非常有興趣，尤其語言自古以來如何變化和不同語言的文法與詞根。,有趣具變化性，看似不同文化的語言，具有相似的文法和結構，就連不同語系的語言，都有相似的地方,理性、感性兼具的一門科學
需要思考並具備一定的邏輯,其實沒什麼了解，但覺得邏輯推演還蠻有趣的。,語言是人類文明化的指標，也是各種種族思考邏輯的歸納與演化的成就表現。,"一門研究語言的科學，約略分為語音、音韻、句法、構詞及語意等。
語言，可畫成一個有如生命樹的圖像以示各語言間彼此的關係。
許多優秀的語言學家在數學的領域也有極卓越的成就；或許是因為數學，也是一種語言。
"
研究詞義、語法、句法以及發音。,參加過幾次語奧活動，但了解不多。語言學是關於語言的科學，需要用邏輯及理解力來分析各語言,不熟悉,人與人交流的媒介
言語和文字的組合; 它的來源以及應用. ,觀察、分析、歸納人們如何使用語言,很有趣,尋找語言的規律並加以利用
語言是一種圖像，是一種文字組合，是一種思想，是一種文化，是溝通橋樑,語言是人與人之間溝通的重要管道，我想語言學是深入鑽研各式語言的演進、規則以及發展特色，諸如民族與語言、地理位置與語言間關係的一門學問。,運用邏輯推理發現語言中的規則,語言學實在是一面有趣又需動腦的科目，我想語言學應該是一門對語法跟語用的研究吧
有關於邏輯推理,我認為語言學探討的不只是人與人之間的日常對話，更是關於思考、邏輯還有人與其他物種，甚至非生命物質間的情感交流。,博大精深,"語言是人類溝通的最方便的橋樑
我認為語言學是關於語言的使用和語言如何影響了人類的生活"
跟邏輯相關,有學過一點,我認為語言學是探究人類曾經使用或正在使用的語文，包括分析語言的結構、語意、習慣用法。,"我會寫程式 i.e. Python, Javscript, C++那種，也有想要研究過Natural Language Processing那種東西"
異中有同 而同中有異,一門運用科學方法來探究、歸納語言特徵與奧妙，並使相關知識在科技及人文上能有所運用的學科,對語言做深入研究與探討，進而了解更多邏輯與規則的學問,語言學是奠定語言結構的根基，包含其文字演變過程中的文化，及邏輯思考的方式。
表現人們情感的媒介,語言學是溝通的基礎，也同時紀錄人類自後巴別塔時代以來為瞭解彼此演化的過程。,要具備邏輯分析推理的能力,"1. 語言學是研究語言的科學. 人們從不同的語言中搜集各種語言資料, 加以分析, 幫助我們了解語言的運作.
2.在我學過的語言中, 西班牙, 法,  義大利, 葡萄牙是屬於同一語系, 文法結構有少許不同. 韓文和日文的文法結構類似, 雖然這兩者中有漢字存在, 但它們和中文之間有頗大的差異. 英文和德文算是同一個語系, 但我覺得經過這麼長時間變化, 兩者差異較大. 阿拉伯文和俄文則是另外兩種完全不同的語言, 文法結構也很複雜."
基本概略,很有興趣,一無所知,需利用邏輯來分析、思考構句元素的一門學問。
有點難理解它的規律,研究語言的科學方法，分析解剖語法中的詞法、句法和語音。,"是一種系統。
如同數學一般，",人類社會和語言關係密切，語言學不止代表了這項交流工具的結構還能進一步了解不同的文化。
人與人之間溝通的一種方式，每種語言都有自己獨特的邏輯，並不是隨便變造出來的。,一種表示方法，不限文字，無論具體或抽象，傳達本身想法或概念,語言學看似無聊，但是人類溝通的橋樑和根本。,探索語言中，藏在聲音.語句中的奧妙。
地區的差別衍伸出不同的語系，其用字不同，語法不同，精確度也不同，然而到了口語用法又有所差別，用字可帶有語氣，導致了更加複雜的學問,不需要懂全部的語言，語言都是人創造出來的，有一定的語法邏輯存在。,"專門研究人類語言的結構與意義
比較不同語言間的相同與相異處
探究相同與相異之原因",對於人類語言的科學研究，學習的是不是語言本身，是分析語言，了解語言的運作模式，包括音韻，語義，句法等等。
"很像拼圖一樣
",非常具有挑戰性 ,"是個有邏輯,在深入瞭解後更有趣的溝通方式",包含語音學、音韻學｀句法學及語意學，可推出自己不了解文字的大概意思
翻譯，知道更多國家的語言,解謎,linguistics,語言學是探討語音、詞意、詞性、句子結構、語意等知識的一門學問。我們可以透過語言了解不同民族思考方式的差異，甚至可以了解歷史的變遷。
以邏輯性的分析和思考解析語言 包括如何生成 發音 意義......,語言學就是用科學的方法去研究語言，利用每種語言的自己一套系統和邏輯去探索語言,一片空白,語言是人與人溝通的工具，同時也是一門藝術
尋找語言的規律及更加了解語言,凡是語言必定存在某些邏輯規則,語言的價值是作為了解一個國家文化的基礎,用現代科學的角度來研究人類語音和文字間的結合關係。
語言是搭起世界溝通的橋樑，有了語言我們才能和來自各地、有不同背景、不同故事的人來往，也能藉這個機會更加充實自己，讓自己更好。,不單純是文學造詣 也需要邏輯推理才能學好,是一個有邏輯也可以很有趣的溝通方式，能訓練我的想法與思考,"I think that linguistics is the study of how language works and what role it plays in society. In linguistics, we analyze the building blocks of language - things like how sounds are made, how words fit with each other, and the impact it has on culture. "
研究人類如何學習、使用語言，包含同一種語言或不同語言中發音、文法、語意，還有語言的改變等。,覺得有意思,知道基礎結構和推演的方法,和語言、文字有關的一切學問。
語言學涵蓋很多內容，不光在剖析文法，在語言口音上如何發聲也是語言學的一部分。破解古文字是實際應用的其中一種，會在不同語言當中尋找文法規律。,語言可以用很多方式來組成，不一定是文字，也可以用符號或數字。,語言和文化息息相關，透過語言可以瞭解人類社會，並研究語言的發展。,目前完全不了解
很有趣,是一種人與人溝通的方式,"I think Linguistics is the study of the form of languages in  many aspects. It could be studied from the perspective of grammar, the structure of words, or the pronunciation of letters, etc. ",語言學不需要學會很多很多種語言，但是要從文字間找規律等和邏輯思考密切相關的一種學科
有點好玩的感覺,就大概是給了一本用沒看過的文字寫得書，然後可以藉由分析推測，瞭解裡面的內容,"人社計畫因緣際會之下，接觸過語言學的簡介。
語言不只是說話，還融合了一個地區的生活習慣、民俗風情等，甚至時空背景也參與其中。",語言學是指對語言的科學研究。其中包括探究世界數多語言的共同特質。
暸解語文學的用意，並暸解其他國家,在接觸到國際語言學奧林匹亞前，我以為語言學是剖析和研究世界所有語言的體系，但我後來學習並瞭解到語言學是運用邏輯推理能力來解析,除了邏輯推理外，語言也含有大量的譬喻，甚至不同地方稱呼同一事物所用的名詞會有不同。,暫無
探究人如何說出語言，為何說出語言，並嘗試用科學方法解釋的學問,與人溝通的工具，在有才能的基礎下能透過語言跳得更高,語言學就是一門研究人們日常生活最重要的「語言」的學問，沒有語言，人們無法跟彼此溝通。,"用邏輯去歸納一個語言
找出規律和特性"
要學習這一門課很不容易,每一種語言都有各自遵循的規則，透過語言能了解當地的文化以及人的價值觀,透過邏輯分析思考來理解語言，並非透過死背，才能融會貫通,語言學是用嚴謹的科學觀點剖析語言，系統化建構語言學科，以進行研究探討，目前對於語言學的研究集中於文法，分為語音學、 音韻學、 構詞學、 句法學及語意學。
很深奧,"Linguistics, to me, is a basic structure for a language. It provides a basic guideline or a universal rule for that language, so you can better understand it and have something to rely on.",分析人如何建構溝通的方式，每一種語言有它不同的美，不論字型、文法還是方言,我想語言學研究了人類的本能語言能力，能進一步瞭解人類的本質，並有所應用
較少被注意到的語言,嘗試解讀不懂的語言,瞭解一種語言，進而探究其文化、族群,邏輯 音律 跟讀外國語文不一樣
語言學並不侷限於對單一語言的了解，其範疇包括語音學，語言結構的分析及研究，語言如何隨著時間演化，而在電腦程式上也有所應用。,"電影「異星入境」的女主角Louise就是語言學博士(Btw我很喜歡這部電影)，她在片中提到，當我們使用不同語言的時候，就會用那個語言的思路來進行思考，當用不同語言思考的時候，所產生的想法也有所不同。語言學就是去探討語言的邏輯(ex修辭)吧(簡單來說)
",詞語從古至今演變的過程。透過語言學可以更認識一個詞背後的意義來幫助學習、了解該語言。,主要研究人類的語言，包括語言的結構與句法、詞意等等，並涉及到許多不同的學科領域。
語言學是個需要推理能力的學問,只要有心付出人人都可以學是個接觸世界的資本,我覺得語言學就是研究語言的一門課,語言學是一門研究語言及文字的學科，與生活中許多層面有著不可劃分的關聯，例如在生理、心理層面，可以延伸出心理語言學、神經語言學等；人文方面則有社會語言學等。語言學還包含語音學、語意學、具法學、音韻學。藉由研究人類最核心的語言能力，更進一步來了解人類發展與語言之間的的奧秘。
研究語言的科學,我認為語言大抵是由文字和語法架構而成，求學時期對於中文和英文有極大熱忱，除了專業上訓詁或文法的研究，語言學更是前人的智慧結晶，學了一種語言，也更了解一種文化。,語言是人類溝通的重要工具，自人類群居以來，不同地點發展出各自的溝通方式，其中總有一定的規律及特色值得我們去探索，透過語言學的邏輯研究方法，或許也能探討出不同地理環境所造成的結果。,研究語言的組成，像是一句話中主詞動詞的位置；或是破解失傳的語言。
因為從小接受雙語教育，很自然用“聽”來學習；小學中高年級之後，用“看”來學習的比例增加。我沒有修過語言學，只是很幸運的，能夠長期接觸中英文這兩種性質差異較大的語言，領略其共通與不同之處。,我覺得很深奧，也很神奇,語言的學術研究,一門探討人類與人類之間用各種有邏輯性的符號與發音交流資訊，進而發展出不同文化與認知的學問
大致上了解,很像拼圖一樣,語言學是顯示文化發展軌跡的方式，也是人與人情感、想法傳遞的媒介，更是美學的一種。,有一定的邏輯及規律，可以從文字中看出文化的內涵
"溝通的橋樑
瞭解一個文化的最佳途徑",思維的具現化,"有趣 訓練邏輯思考
觀察力以及詳細力
",語言學是研究人類語言使用方式和結構等等的一門學問。
NA,感覺很好玩,語言學是一種由已知的語言透過邏輯推理來判讀各種不同的語言的學問,"語言博大精深,一輩子都研究不完"
這題根據我之前學毛利語的經驗來看的話。。。,博大精深，充滿邏輯。,推測語言的演變，找出不同語言中的規律包括發音、句型結構、類似單字，可能像重新排列組合一樣。,一門學問 有很多需要探索
NA,人與人的溝通橋樑，與對事物的理解與挖掘。,研究人類語言，研究語法結構、使用機制，分類、比較不同語言等等。,一種邏輯推理
一門深入研究、探討語言各個層面的學科，並將其理論與發現應用在現實生活中的美麗科學,"在接觸不了解的語言時能進行分析去揣摩其意思。
",分析各個語言的結構和其帶來的影響(文化和生活...etc),從語言中找出邏輯性進而掌握其規律，進而可以達成文化保存之目的。
為了讓我們了解不同語言之間的關聯,邏輯推理,是一種人文科學，可表現出該地民俗風情與社會文化,"對語言的分析，ex""嗎""和""呢""的差別"
語言學包含了很多種學科，像是語音學、構詞學。在語言的考題會由一些範例，要觀察例子並找出他的規律，並把這套規律套用在問題所中，來找出答案。,相當有趣而令人想要進一步了解的一門學問,用科學的角度去探討人類所使用的語言，並透過句法、詞彙等來交叉比較不同語言，進而明白句意，整理歸納出此種語言的邏輯及使用方式。,充滿邏輯性
從我開始上語言學之後，我學到邏輯思考。,語言學是一個非常多元的科目。解題時要運用充分的邏輯思考,語言學是非常活的一門學問，透過學習不同語系、文法和結構，賦予我們對不同文化的深層了解，是十分有趣的。,包含了句法結構、語音音韻等方面，從中可以分析出語言的演進
探究「文字」的使用方式及其含義，以了解語言對於人類的影響。,一門學科,結構分析、尋找規律、歷史文化、民族風情,語言學是人類文明發展的結晶，值得探究。
研究語言結構、邏輯與應用的學問,利用許多不同語言中的同一字彙互相比對，推測語言的發展歷史及親疏關係。,,语言学是人类延续，演变，发展之最好的证明。
science of language,語言學是一個研究人類語言語法意義以及結構的科學研究。,"是人類用來溝通的工具
充滿歷史意義",研究語言的結構、文法、語意、發展歷史等等，是一個涉及廣泛知識的領域
語言學是研究人類如何學習、發音、以及對話的一門學問。從一個人講的語言和句型可以得知他的國籍，而從他講話的方式可以知道他的心情和文字背後的意思。這些都包含在語言學的範圍。,我對語言學的了解就是它是語言和語言之間的關係。它是一種研究語言的科學，研究包含語法、發音和句型結構等。,依我了解，語言牽涉到一個族群對外在事物的了解，當然其會反映在他們特有的語言中，有些文字是以圖像來記物所被衍生而出的，而又有些是由談吐衍生出來的，因此具有音節。,"語言學包含音學、音韻學、句法學及語意學，
由符號之間的潛在規則可以研究出句子的意思。
並且推測出該語言的句法規則、文字意義等。"
語言不僅僅只是溝通的工具，也是一種文化，一種對於該時代的體現，學語言也不只是透過上課學習聽說讀寫就夠了，除了自己在家勤苦練習，也必須與該國人民實際對話，那，才是最純樸的母語。,是有用的工具來多瞭解其他文化，可以擴充閱讀廣度，發掘不同語言結構的樂趣。,從零開始,語言學包括語音學、音韻學、句法學，以及語義學。從一種語言的結構、邏輯，以及字首字尾變化，我們可以推理出不同語言大致上的語義。
語言學是文化的起源、智慧的根本、與社會的基礎。,我認為語言學是以科學的角度、以邏輯推敲語言的脈絡，關心語言中的每個部件，或是試著恢復其他尚需發覺的語言。,研究人類溝通所使用的符號之結構，意義，與應用,我覺得語言學和單純的學習如何使用語言根本南轅北轍，我雖然不擅長國文，但我對於國文的結構等是很有興趣的。我認為語言學是一種結構分析，嘗試去將一種語言解析透徹。
目前只看過官網的簡介，除此之外一無所知,語言，是一切知識的來源，透過語言，我們的科技才能日新月異，也才能方便與人交流,拓展視野,語言學應該是研究不同文化間用語、邏輯、文法的相似及相異處。語言學想要探究的是人類如何取理解並運用語言，進而分析出每種語言的獨特性，也能歸納出不同語言間的共通性。
沒什麼研究，只是有在YouTube看過一些NativLang的影片而已,不甚瞭解,研究人類語言的科學,語言學研究知識系統的管理與應用，涵蓋了語音學、音韻學、句法學、語用學、形態學及語意學，並與人類其他領域的發展有深切關係。
語言學可以幫助我們瞭解我們的祖先，甚至是人類遷徙的路徑,將科學和人類的互動與知識融合,因為他是根據人類生活所需而創造出來的，對我來說語言是平易近人的。,語言學是對語言的研究，有幾種領域，像是語法或意涵
對語言學本身不是很了解，但一想對語言很有興趣，想了解語言這個東西本身的結構跟規則。,利用邏輯推理找出關聯性，並解決問題。,"語言學包含多種面向,有各式各樣的句法和結構,且這些都是有邏輯可以去推斷出來的",語言是一種邏輯，隨著語言的使用，思考的脈絡隨之變化，形成不同的文化。或者反而言之，因文化的不同，而衍生出不同需求的語言。
雖然沒有專門研究語言學，但是我非常享受學習語言的過程，其中的邏輯思考也讓我興奮不已。,很艱難，很酷,邏輯思考要很明確,語言是用來表達以及組織思考的工具，對人類的思考有著潛移默化的影響，也是民族認同的重要媒介
語言學注重在語感理解和邏輯推理，與認識幾種語言其實沒有很大的關係,很困難也有趣,是一個研究語言的學問，利用邏輯推理及語感，推測出一個未知語言的文法結構,文化的傳承，溝通的橋樑
之前沒有特別研究，但看到之後覺得很有趣，想試試看,很深奧，很專業,人類以邏輯、科學方法研究各種語言的結構、語法機制與意義，進而比較、歸納、演繹、延伸出分支學派、應用於生活。,對於中文與印歐語系略懂略懂
研究人類語言的流變、結構, 很棒！很難！但我很喜歡,是個運用科學方法討論分析不同種語言的語法結構和語法比較還有探討語言習得,生活智庫，無所不在
系統性的分解、了解語言之組成與運作,很難，但很有趣,"溝通的必要工具
建立關係的工具
",研究人類所使用的語言
以邏輯、語意等等探究不同的語言,需要很多時間去了解,研究語言的學問,語言學是使用各種語法語意保留各自文化
了解各語言結構,很難，要花很多時間去了解,語言是人與人溝通的媒介，而不同的語言有助於認識各國不同人士的文化，因此學習語言學能夠幫助來自不同背景的人對不同的問題的態度以及切入點為何，也能保存瀕危的文化。,研究語言的科學，與日常生活息息相關，從手機的語音辨識到google翻譯，無所不在。
透過邏輯與分析能力探討語文的架構和意義等…不管是語法或語義及語用，在在都可以看見語言學與我們生活中的關連。,以語言邏輯解出未曾看過的語言所表達之意思,語言學是人類或動物表達語應用的科學，包含歷史的演變，語言結構、語法、語音變化，代表生物大腦生理與心理的表達和表現，進而分析或研究生物或人類的進化過程和各領域發展過程，包含邏輯，藝術，科技，醫學的應用和整合。,"語言學是一門研究各語言語音、構詞、語法的學問，在同一個語言內探索，可以瞭解該語言隨歷史的變遷，在不同語言內間發掘，可以尋覓彼此的關聯。
我對語言學不敢自稱相當精通，卻極富興趣。我曾經讀過國語語法的專書，也稍稍瞭解閩南語的語音系統與歷史變遷，越學越覺得語言學趣味無窮。"
充實我的生活,我覺得語言學讓我更了解人類社會的發展,"I really enjoy to study different linguistics because by learning different languages we can learn a country's culture, religion, etc. In school, we do not learn much about different languages; therefore, this is a good chance to study languages that few people can understand! Although I do not know much about different languages, but I would love to have this chance to  do so.","有讀過一點國文文法
對於外語的語言學暸解較零散，但知道一些印歐語系的文法特徵（屈折語）"
做為溝通的橋樑,I think the laws of language are supercalifragilisticexpialidocious .,每種語言都有其特定的規則、語法,充實自我 
語言的字謎，具有邏輯，但仍須要對語言的直覺，再加上一點心有靈犀。,可以影響思考,研究語言的一種科學，跨學科的研究語言的結構、意義及運用,人與人之間乃至社會群體的文化表現。
"人類用來溝通,記錄歷史的方法",Learning linguistics is fun,"語言學是研究語言的一門學問。一個語言則透露了很多事情：使用它的民族的歷史、地理、性格，甚至是他們算數學時，腦筋的運作方式。語言可以用來溝通，也可以用來把人隔絕在外（例如說，用注音在微博上罵大陸人，或者是用密碼傳訊息）。
其實我也不是很瞭解語言學，腦子也動得不快，不過我覺得語言學超好玩的。",系統研究語言的科學
探究已知或未知語言的文法、語音等各種規律的學問,I think linguistics is useful.,語言不只是溝通的工具，他們代表該語言使用族群的文化與歷史，和生活更是密不可分,十分有興趣，本身是語文資優班，常和同學研究。
語言學是運用系統化的科學方法去研究、歸納語言的特性與發展的一門學問。,語言奧妙無窮，學無止境。,語奧題目好難，完全看不懂。,"語言學在我的理解是有好幾個分支
而在現代的語言學是偏向文法的部分
語音,音韻,構詞學,這些是我曾在書本裡特別注意過的
在填寫這個表單時才有更去了解句法,語意學的定義
我曾在一位國文系教授的課堂些微的聽過關於音韻學的內容"
語言的世界沒有可怕的東西，只有應該去了解學習的東西。,先透過邏輯思考，解出語言間之關連，再結合當地文化的學問,曾經接觸過語言學相關書籍，對於比較語言學和歷史語言學和語系較有興趣，另外對於語音學與IPA有稍微的了解。,語言是邏輯的結晶，除了溝通功能，更是人類文化的積淀；歷史、文學等藝術也由是而生。語言的分歧阻礙了人類的合作，語言學則企圖重建想像的巴別塔，重建的方式不是統一各種語言，而是藉由了解諸語系相似相異的思考脈絡而達到交流、涵化的目標。
語言學是一個很大的領域包含了很多方面,音義、聯音、形狀、文化,語言學分作結構上的理解以及其發展與應用的演變，包括用邏輯歸納一套語言的規則，和人類在溝通和語言歷史上影響的研究。,語言是人與人之間互動的橋樑
對於人類發明的各種語言的文法（結構）及發音位置、習慣的統整及歸納,探索語言的規則，語言與文化的關係，去研究各個國家 民族互相交流或溝通的方式，發現文字的有趣與語言的特色,透過語言認識語言學，有機會時便積極吸收相關資訊。在極淺水灘上的小魚,nooooop
人與人溝通的一種方式,語言學是ㄧ門研究語言的學科，包含語音、詞義等等，把語言以科學的方式歸納整合。,很有趣，但不簡單，每種語言都有它獨特的發音方式，而且會得越多就能跟更多不同的人溝通,零
語言的邏輯推理能力比能夠與母語人士溝通還重要，但是如果對語言有一定程度的掌握，也有或多或少的幫助。,語言的現象,發音很不一樣，大部分的文字都不像中文一樣看字沒辦法念,
不了解,初學,語言學注重邏輯。在任一語言的平常之處，如單字，句子等，找到不同於其他的表達方式，思考後找到其奧妙，並進一步闡釋語言與文化之間的關聯性,
包羅萬象，既融合了自然與人文，也融合了史地，還融合了群體與個人。,只有初步見識 ,討論語言的藝術,
對語言充滿興趣的我，發現其實語言是有一定邏輯和值得一個一個去摸索認識的。語言學包括了許多種領域：句法、詞法、語音等。,以不同角度看待同一件事情,感覺語言學是最實際的學科 因為我們時時刻刻都可以實踐它 生活中大家溝通就是需要語言。另外 語言學存在神奇的邏輯吸引著我 雖然學過的語言不多 但是只要多聽一些句子 就不難發現另一種語言的文法和邏輯～,
探究人類在不同生存環境下所創造與演變出的不同的表達方式，以及類似的概念在不同語言內呈現的內涵、結構與使用機制。,僅一般見識 並未深入研究,"我認為語言學是一種科學
用以描述語言之間的規律與研究語言的起源與演變",
語言學奧林匹亞就是給予考生一項少見或未知語言，並提供該語言之中譯線索，然後題目要求考生以該語言翻譯成考生母語或反之。,"更清楚，更貼近原意的溝通工具
",語言學是一種專們研究語言的科學，並不是要學習所研究之語言，而是要從各個角度去探討語言，以研究該語言之發展脈絡與使用該語言之人之思考模式，當然語言學研究也分為許多的項目，例如：語音學 語義學.......,
一種排列組合和邏輯推理的學問,主要是邏輯問題,深奧的學科,
承載文化基礎，並加速國際溝通的工具,"Linguistics are the study of languages and its structure, how it's formed and its rules. ",無,
人類因不同種族地區文化溝通的一種符號，遍佈於日常生活中。,以有邏輯、有根據的方法研究語言學習的現象,,
"很有趣,邏輯思考力需強",No. Nada.,"需要有很大的思維
跟邏輯的分析",
以邏輯去推理出語言中的規則,得心應手,"我從國中開始就一直對語言很有興趣，而常常字學一些語言，雖然時間真的很有限，但我喜歡研究同語系語言之間的異同，現在也在進行中古漢語、閩南語、客家語、日韓語漢字音變化的研究。同時，也正在字學一些原住民語，但幾乎都在起步階段，只有賽德克語稍微熟一些。

而語言學就我認知大致上分為理論與應用兩類，理論就是探討語言本身，應用即是將理論付諸現實。
個人對於音韻學較有興趣。",
沒有,語言者，乃人類千百年來演化出最精緻之結晶，蘊藏著自上古時期至今的智慧。不敢說對語言學有多大認識，但是自認為對音系學和語音學很有興趣。雖然不為大眾所認識，平常似乎也少見其用處，但事實上卻是門深厚的學問。,語言是個神奇的事物，他可以間接透漏一個民族性，甚至是你的個性。從發音、語法，到文字的選擇使用，都能提醒，你是怎麼樣的一個人,
研究各種語言的發展,溝通的媒介,對於語言很敏感，喜歡推測每句話背後的含義，發現語言的美及規律,
研究各種語言的科學,用研究科學的方法及思維，對於人類社會中使用的各種語言進行意義的剖析、分析結構的演變、與社會文化的關聯性等等。並且享受像解出謎題那一剎那的成就感！,分析語言結構組成的學問,
找尋規律、訓練細心程度和邏輯思考的一門科學,溝通，以任何媒介溝通，都算是語言學研究範疇。,用來溝通交流的工具,
"語言是人與人之間的溝通橋樑，而語言學正是在研究人類語言一門科目。
透過語言學，不僅可以了解到這個人類所創造出來的學問，探討詞語之意義、句法之結構，更能夠透過語言來認識各種不同的文化。畢竟，每個文化所創造出的語言皆有其獨特之處，而語言更代表並展現出每個文化的樣貌。",基本了解,分析語言的科學(？,
沒什麼瞭解,語言學是一門研究語言的科學，透過語言的運作可一窺各個知識領域，及我們的頭腦如何處理語言。,我爸的工作內容,
在廣大汪洋中的一艘小船,"語言學是一門研究語言的學問，其中主要有研究語言的syntax, phonetics, morphology, semantics等。

現代語言學為Chomsky所開發，他認為人類皆是講同一種語言的方言。主要為研究語言與人的思考模式的關係",語言學是研究語言的邏輯、分類、歷史、結構，語言學之於語言就像生物學之於生物。,
據我所知，語言學涵蓋許多層面，內容極為廣泛，對現今發展占有極大的地位。,"語言學是一個專業科目, 從造字到口說都有它存在的意義, 有時候你從一個人說話的口氣以及方式就可以得知他在表答什麼,  就算他說著你聽不懂的語言也可以, 跟造字一樣, 有時你從字面上語言的形狀和念出來的口音便可猜出它的意思
我從小就讀雙語學校, 三歲開始在語言學習黃金期開始學習英文, 使得英文對我來說就像母語一般, 因為如此, 我對外語有著極高的敏感度, 從高中開使又因就讀國際學校, 選修西班牙文, 使得我又對外國語言更加了解, 對語言的敏感度也在次提升了",高深莫測，變化萬千,
用現有知識找出語言中所含有的規律、語言學幫助我們更進一步瞭解文字的演變,Ivan Derzhanski is my hero,只學到一些皮毛而已,
溝通利器,語言很美，學習多語很愉悅。很希望多理解各種語言的邏輯。,"並不全然拘泥於文法或詞性
而是注重表達的藝術",
語言學是一門關於人類語言的科學研究。語法中包含了詞法，句法以及語音。,......,「語言」是我們的工具；我們是「語言學」的工具，它透過我們對文字的詮釋而被築釋得耐人尋味!,
排列組合,邏輯推理和想像力,我認為語言學就是一門研究人類日常必用語言的學問，缺乏語言，就失去了互相溝通、接軌世界、促進世界運轉的可能性。,
能向人溝通的任何方式與行為,語言學應該是與文法、字根、同一個字意的字在不同國家的讀音有關,邏輯概念很重要,
人接收語言訊息不僅僅是耳朵接收聲音資訊而已,感覺很好玩,我覺得語言學是文化的濃縮，也是一門與人溝通的課程,
以科學的方法研究語言的學科，幫助我們了解歷史文化背景的由來，而語言更是物種間的溝通互動行為,我喜歡接觸各國的文字、語言、文化。若語言不只拿來溝通，還有機會分析及探討，會是很酷的事。,"  從小就對邏輯推理有興趣，發現語言學奧林匹亞後我便着迷於網站上五花八門的題目。同時也令我認識到了語言學的多樣性和重要性。
  語言學是語言的架構，也是文化的基礎。在各種詞句構詞、聲韻變換、語法結構中專研題目時，我彷彿也看見了那語言所屬的文化樣貌。",
溝通的媒介,我覺得多語言學習是可以同步並行的，尤其是同一個語系的更能建立一套邏輯幫助學習，語言是工具「工欲善其事，必先利其器。」透過語言能讓我更貼近世界的脈動。,研究溝通及意思表達的學問,
與一般學習語言較不同 比較偏向邏輯推理,語言學是人與人之間橋樑的統整與歸納。是邏輯推理、深思、與探究人類的根本。,我覺得就是要學習很多語言 然後能用所學跟世界不同的人溝通和交流 但是首要條件還是要先學好很多種的語言(感覺對我來說須要很長的時間),
認識一種語言最全面的方式,語言是一門深奧的藝術，或許有些人認為那不過是日常生活的媒介罷了，但事實上，語言學卻是一種化為無形的美，透過簡潔有力的優美詞彙，我們可以運用這種優雅的方式不論是與他人溝通，或是留下亙古名句。,"I think Chomsky was the one who said that the development of language is the most significant distinction between humans and other animals. After all, language displays the brain's ability to recognize patterns and behave in a structured way; simultaneously, it demonstrates the creative pathways behind human achievement and history. Linguistics is that Gordian knot of unraveling meaning through logic.",
語言學是對語言深入的了解,廣大深奧,字根學、語音學,
語言是人類溝通的橋樑，有時能發現不同的語言有一些異曲同工之處，所以感到語言學既深奧又有趣。,透過語言學，不僅可以剖析語言本身的規則和規律，也可以了解其背後的文化和思想邏輯。,"我喜歡分析各國語言和古代語言文字等等，因此一看到語奧的題目就想動筆解，寫的很爽。
",
是一門將符號統整歸納並類推運用的學問,像圖畫，各自有特色。,!Xóõ,
是一門以邏輯思考對溝通的方法及符號進行分析的學問。,個人淺見：不只是死背單字而已，更注重的是文法上、造字上的邏輯，以及閱讀大量文本產生的語感。,"語言學是透過邏輯思考來分析與了解各種語言的結構,語法,發音......等.",
這世界上有好多語言喔,以科學的角度去研究語言,嗯...找出語言的邏輯吧,
語言是人類溝通的方式，有一定的邏輯和字母,系統化分析語言之間之邏輯與連結,充滿邏輯、思考、分析，以及挑戰,
"讓人類可以溝通
每個地方有不同的語言",邏輯推理+有趣的小遊戲,,
與學習語言不同，是研究所有人類語言發展的學問,用科學方法理解、研究語言,,
很有趣,"研究語言的句子結構,音韻",,
研究語言...(?)，有時候可以因此了解文化的演進，像是課本必教的埃及象形文字，跟希伯來文的關係，或者是reservoir這種看起來是從法文來的英文字，都可以看到文化是如何走到今天的,不算太深入研究,,
透過文字的組合方式、聲韻、句法和各種不同角度研究語言的一門學科,"5k4ru.4g4ji32jo4m3u06vm,62k7d04z83",,
有關於世界人類語言的相關事物，可以瞭解起源，及發展，甚至是各國語言的關係,用來研究語意和語彙的一種科學,,
語言會因身處的地方不同，而產生不同的字彙，例如:對因紐特人而言，因居住在如此寒冷的天氣，所以對雪的解釋有很多種。,"透過語言學，可以了解到人類文化的脈絡
他不單單只有文字，圖像這樣表象而已，更需要邏輯和透過思考來分析理解",,
一知半解,利用邏輯解決問題,,
NA,自小以來，聽及的語言學不外乎就是文法結構的頗析以及發音的方法，但在高一時曾在人類學的課的作業中，略得知語言也可以包含語言跟人類文化的關係，以及語言代表當時的社會背景及價值觀。,,
邏輯推理,"語言學並非外語的學習, 而是對世界各種語言的邏輯與分析",,
有關單詞還有不同聲調等會決定語言的意思,"語言學是在探討不同語言的性質。
語言的定義是必須要有分立性、文法、創意性、和穿越時空性。",,
藉由邏輯的分析找出語言之中的規律,很有趣,,
探討語言組成結構中之規則的研究,每一個語系都有自己造字的風格，有時候字與字的排列組合會不一樣，廢話不多說，考完見真章,,
"我認為語言學是一種與生活息息相關的一門學科。
經過時間的沈澱和無數前人的智慧才造就現今語言構成的模樣，而語言學正給了後人一種切入的角度去剖析歷史的推演。",解決人類的各種古代現今的語言文字問題。,,
我們可以透過語言了解不同族群的特色 語言很有趣,語言學研究了許多少數族群的語言，也能從語言裡認識不同的文化，有時候還能從語言中觀察到不同族群的相同性。,,
透過分析語言的句式與結構，進而了解語言背後的意涵和蘊含的文化。,探討一個語言運作的邏輯,,
粗淺了解,其中的分支學門不乏有研究表達意思的語義學。於社會學亦有相關。,,
"字的拆解 組合 
",語言學是研究語言的科學,,
對語言的結構、組成加以分析，不完全是在學習如何運用語言，而是從現有語言當中歸納出使用規則。,研究語言的一門科學，可以透過邏輯歸納、推理的一門學問,,
不甚清楚,略知一二,,
我覺得能與人溝通的方法，就可稱為語言，不論是符號或者文字,運用邏輯和已知單字、語法結構等知識推敲出未知語言的意思,,
很有趣 可以探究一個文化的特性,,,
自我感覺的表達與形容,,,
表達自己的想法與跟別人溝通的工具,,,
語言學可以分成許多分支 例如語法 語句等等,,,
一塌糊塗,,,
研究人類的語言,,,
沒有了解,,,
很古老，卻又在不斷更新的,,,
分析，比較，解構各語言間之差異/探究現行語言之語源，聲韻，文法，語意,,,
或許是一門從眾多語言中找出組合邏輯的學問,,,
研究語言的結構、歷史、邏輯分析等的學問,,,
語言是對世界的想像。,,,
"解構語言的句法、發音等
不只意義層面的探究語言
從語言角度解析人類發展和族群文化。",,,
"是對於語言的研究，包括語法,語意，發音等。以及語言的演變。",,,
對語言進行邏輯推論的學問,,,
是一種在研究還有分析語言的學問,,,
專門研究人類語言的,,,
據我所知，語言學是一門在研究語言的結構和語意的課。 語言學包含了幾種分支領域。其中，有很多不同種類的語言學。,,,
語言是重要的溝通方式之一，也是最能清楚傳達訊息的方法,,,
"·語言學是關於人類語言的研究。
·語言和文化環境有關（ex.小嬰兒會能夠發出任何音，但隨著周遭文化環境的不同，漸漸的便只能發出該文化有使用的音，例如中國人能發出「ㄩ」的音而有些歐洲人則無法；德國人能打舌而大部分台灣人則無法。
又好比不同文化的狀聲詞也不同，例如狗叫聲英文是“woof”，中文則是「汪汪」。",,,
透過邏輯推理及思考，尋找一個語言的規律,,,
"研究語言結構，語音等
",,,
"研究語言的構成和演變方式,還有各語言之間的差異",,,
一門高深且有趣的學問,,,
關於人類語言的研究,,,
人類之間的溝通方式、用以表達內心想法,,,
語言隨著時間、族群遷徙和文化融合的改變，包括文字、聲音、文法等,,,
有關單詞還有不同聲調等會決定語言的意思,,,
人類語言的科學研究,,,
有邏輯的規則,,,
"Eww, linguistics",,,
據我所知，語言學是一門系統性歸類語言的學科。同時，可藉由觀察一族群的語言探討藏於其中的文化和價值觀。我認為學習語言學並不需完全習得該語言，而是需具備細微的觀察力和邏輯力。,,,
了解溝通的模式和習慣,,,
利用邏輯推理出不同語言之間字與詞所代表的意思,,,
似乎對於邏輯、推理、還有模型有相當大的關聯,,,
語言學是一門讓我更了解語言的學科,,,
"需要一定的邏輯思考
又要熱愛這個領域
很愛這個項目",,,
NA,,,
"破解語言中蘊藏的邏輯
揭秘詞句裡基礎的構造
拆解言語，科學地檢視
從客觀的角度發見語言的全貌",,,
"Linguistics is the study of language and its structure. Branches include, but are not limited to, phonetics, phonology, morphology, syntax, semantics, and pragmatics. This is what has built human knowledge and behaviour and will continue building it, as AI is expanding and we continue exploring the origins and nature of language, while trying to preserve and record it.
（因為女兒中文讀寫不太會,故用英文回答)",,,
這門課很不容易,,,
還可以,,,
研究語言與人類文化的關聯,,,
未知且神祕需要深入探討的,,,
"I started to learn English from the age of three, so I considered it as my second language. I studied in a bilingual school during my elementary and middle school year. As I entered an international school in tenth grade, I found out that knowing English and Chinese isn't enough. I decided to learn Spanish to further enhance my global view. In eleventh grade, one of my middle school classmate post on Facebook about IOL, which motivated me to take the examination. I'm surprised that I am given this opportunity to participate in the training session last year. Through the session, I learned that language isn't literally a communicating tool, it means something more than that. I learned how to identify different language by analyzing the clues provided, which improves my logistics skill. Even though I'm not chosen to attend the international competition held in the Czech Republic, I still cherished this experience, and I hope I can succeed this year. ",,,
人類發明語言的本質就是為了溝通，其中又因為過去長期空間的隔離，衍伸出了許多語系。,,,
看到之前語奧的題目覺得有趣,,,
語言學是一門關於人類語言的科學研究。 語言學包含了幾種分支領域。 在語言結構（語法）研究與意義（語義與語用）研究之間存在一個重要的主題劃分。,,,
語言是一種溝通的方式,,,
"有趣
",,,
文化傳承的重要方式,,,
"很讚
有點難
但很讚",,,
參加過去年語奧初選,,,
需要思考和邏輯分析的學科,,,
一概不通，沒有接觸過,,,
是人類溝通與傳承知識重要的一環，也是一種符號學與訊息學，語言在大腦中的奧秘也是非常迷人的知識,,,
有很多領域，例如音韻學、語意學、句法學。需要以客觀的角度分析其規則。,,,
有趣且燒腦,,,
難,,,
不規則裡隱藏著規則與變化邏輯,,,
博大精深很有趣,,,
"研究人類語言中的邏輯以及各項語言所注重的重點
語言產生的目的以及成因
古今詞語差異的成因",,,
我對語言學不甚瞭解，但對英文很有興趣。,,,
人類用來溝通的方法,,,
 ,,,
語言為人類文化的基礎，是現在及未來社會人民所需要的人文素養，不僅是人與人的溝通橋樑，亦是人與自我、自然心意的呈現，語言學科從符號到字、句、段、文，記錄下人類文明發展的變遷。,,,
語言，是人類特有的溝通方式，而語言學即是一門研究人類語言的學科。對我來說語言學能用來彙整、分析各個語言的使用方法，也反映著人類文明會隨著時間改變，抑或是進步。,,,
溝通，文化,,,
大自然所給予我們的溝通上的邏輯,,,
I know how to guess the meanings of words I'm not really familiar with,,,
語言的內在邏輯和各地的文化結晶,,,